group,subgroup,subject,tool,language ,course,date,stars,cerificate,instructor,company,theory,practice,total,country
Business,CRM,Marketing,,,Top 10 Marketing Challenges,2018-01-06,5,Yes,Drew Boyd,Linkedin,3,0,3,United Kingdown
Business,CRM,Marketing,,,Customer Segmentation,2016-01-11,5,Yes,Doug Ladd,Linkedin,2,0,2,United States
Business,CRM,Sales,,,A Complete Sales Training to Increase Sales,2022-03-27,5,Yes,Madhuri Singh,Udemy,20,0,20,United Kingdown
Business,Enterpreneurship,Business Call,,,Sramana Mitra on Bootstrapping,2016-01-07,5,Yes,Sramana Mitra,Linkedin,1,0,1,United States
Business,Enterpreneurship,Business Call,,,Forum of Entrepeneurs of TIC  MERCOSUL,2006-01-08,5,Yes,,SOFTSUL,12,24,36,Brasil
Business,Enterpreneurship,Management,,,Workshop EMPRETEC,2004-01-08,5,Yes,Fernando Gameleira,SEBRAE,80,0,80,Brasil
Business,Enterpreneurship,Management,,,Learning how to Enterpreneur in the Internet,2003-01-08,5,Yes,,SEBRAE,16,0,16,Brasil
Business,Enterpreneurship,Management,,,Strategical Thinking,2018-01-07,5,Yes,Dorie Clark,Linkedin,3,0,3,United Kingdown
Business,Techniques,Sales,,,Executive Business Call,2002-01-12,5,No,,Xerox,8,0,8,Brasil
Business,Techniques,Communication,,,Business Writing Fundamentals,2015-03-19,5,Yes,Judy SteinerWillians,Linkedin,2,0,2,United States
Business,Techniques,Communication,,,Writing Business Reports,2015-03-19,5,Yes,Judy SteinerWillians,Linkedin,2,0,2,United States
Business,Techniques,Communication,,,Pitching Projects and Products to Executives,2015-03-18,5,Yes,Dane Howard,Linkedin,1,0,1,United States
Business,Techniques,Communication,,,Public Speaking Fundamental,2015-03-13,5,Yes,Laura Bergells,Linkedin,1,0,1,United States
Business,Techniques,Communication,,,Building Trust,2015-03-13,5,Yes,Brenda Bailye Hughes,Linkedin,1,0,1,United States
Business,Techniques,Communication,,,Overcoming Your Fear of Public Speech,2015-01-09,5,Yes,Todd Duwett,Linkedin,1,0,1,United States
Business,Techniques,Communication,,,Personal Branding,2015-01-09,5,Yes,Lorrie Thomas Ross,Linkedin,1,0,1,United States
Business,Techniques,Communication,,,Top 5 Speed Reading Tips,2015-01-09,5,Yes,Paul Nowak,Linkedin,1,0,1,United States
Business,Techniques,Communication,,,Body Language for Leaders,2015-01-09,5,Yes,Carol Kinsey Goman,Linkedin,1,0,1,United States
Business,Techniques,Communication,,,Developing Political Sawoa,2015-01-09,5,Yes,Todd Duwett,Linkedin,1,0,1,United States
Business,Techniques,Communication,,,Humor in the Workspace,2015-01-08,5,Yes,Izzy Gessel,Linkedin,1,0,1,United States
Business,Techniques,Communication,,,Grammar Fundamentals,2015-01-08,5,Yes,Judy Steiner Willians,Linkedin,2,0,2,United States
Business,Techniques,Communication,,,Learning to be Assertive,2015-01-07,5,Yes,Chris Croft,Linkedin,1,0,1,United States
Business,Techniques,Communication,,,Working with Upset Customers,2015-01-07,5,Yes,Jeff Toister,Linkedin,1,0,1,United States
Business,Techniques,Communication,,,Leading with Emotional Inteligence,2015-01-06,5,Yes,Britt Andreatta,Linkedin,2,0,2,United States
Business,Techniques,Communication,,,Influencing Others,2015-01-06,5,Yes,John Ulmen,Linkedin,2,0,2,United States
Business,Techniques,Communication,,,Diversity and Inclusion Training Program,2012-10-19,5,Yes,Web,Wipro Technologies,8,0,8,India
Business,Techniques,Communication,,,Negotiation Practical Trainning,2004-01-10,5,Yes,,IBEC,16,0,16,Brasil
Business,Techniques,Communication,,,Enterview Training,1997-01-08,5,Yes,Patricia Fradjack,Softtek,16,0,16,Brasil
Business,Techniques,Communication,,,Business Berraviour,1993-01-07,5,Yes,,Centro Ana Terra,36,0,36,Brasil
Business,Techniques,Finances,,,Stock Marketing,2008-01-06,5,Yes,,PUCRS,36,0,36,Brasil
Business,Techniques,Finances,,,Master Bovespa  Stock Marketing,2006-01-11,5,Yes,,BOVESPA,16,0,16,Brasil
Business,Techniques,Finances,,,Finantial Analysis and Planning,2004-01-09,5,Yes,,SEBRAE,15,0,15,Brasil
Business,Techniques,Innovation,,,Business Innovation Fundamentals,2015-01-05,5,Yes,Drew Boyd,Linkedin,3,0,3,United States
Business,Techniques,Innovation,,,Meeting the Chalenge of a Digital Transformation,2015-01-05,5,Yes,John Mancini,Linkedin,1,0,1,United States
Business,Techniques,Logistic,,,Fundamentals of logistics,2015-01-09,5,Yes,Steven Brown,Linkedin,2,0,2,United States
Business,Techniques,Machine Learning,,,Top 5 Tips to Name Your Brand,2015-01-08,5,Yes,Drew Boyd,Linkedin,2,0,2,United States
Business,Techniques,Productivity,,,Outlook 2010  Time Management with Calendar and Tasks,2015-03-19,5,Yes,Gini Courter,Linkedin,2,5,7,United States
Business,Techniques,Productivity,,,Leading Produtive Meetings,2015-03-18,5,Yes,Dave Crenshaw,Linkedin,2,0,2,United States
Business,Techniques,Productivity,,,Business Etiquette Phone Mail and Text,2015-01-08,5,Yes,Suzana Kaye,Linkedin,1,0,1,United States
Business,Techniques,Productivity,,,Decision Making Fundamentals,2015-01-05,5,Yes,Mike Figliuolo,Linkedin,1,0,1,United States
Business,Techniques,Quality,,,Lean,2012-01-06,5,No,Web,Wipro Technologies,16,0,16,India
Business,Techniques,Quality,,,Total Quality Management,1995-01-01,5,Yes,,UNESA,24,0,24,Brasil
Business,Techniques,Sales,,,Presentation Fundamentals,2015-05-14,5,Yes,Tatiana Kolovou,Linkedin,2,0,2,United States
Business,Techniques,Sales,,,Sales Fundamentals,2015-04-14,5,Yes,Jeff Blomfield,Linkedin,1,0,1,United States
Business,Techniques,Sales,,,The sales Explosion Program,2015-01-10,5,No,Blair Singer,Success Resources,16,0,16,United Kingdown
Business,Techniques,Sales,,,How to Rock Social Media,2015-01-05,5,Yes,Guy Kawasaky,Linkedin,1,0,1,United States
Business,Techniques,Sales,,,The Science of Sales,2015-01-05,5,Yes,Jeff Bloomfield,Linkedin,1,0,1,United States
Business,Techniques,Sales,,,Sales Techniques,1997-01-06,5,Yes,,SEBRAE,15,0,15,Brasil
Business,Techniques,Soft skills,,,Developing Executive Presence,2015-04-27,5,Yes,John Ullmen,Linkedin,2,0,2,United States
Business,Techniques,Soft skills,,,Building Self Confidence,2015-01-09,5,Yes,Todd Duwett,Linkedin,1,0,1,United States
Business,Techniques,Speed Reading,,,Speed Reading Fundamentals,2015-03-31,5,Yes,Paul Nowak,Linkedin,1,0,1,United States
Business,Techniques,Teaching,,,Foundation of Teaching with Technology,2015-04-13,5,Yes,Kevin Kelly,Linkedin,2,5,7,United States
Business,Techniques,Business Call,,,How to get your Ideas Approved,2016-01-11,5,Yes,Mike Figliuolo,Linkedin,2,0,2,United States
Business,Techniques,Business Call,,,Connecting with Executives,2016-01-01,5,Yes,John Ullmem,Linkedin,1,0,1,United States
Business,Techniques,Communication,,,Using Office Shapes and Smart Art to Enhance Business Documents,2015-11-05,5,Yes,Toni SaddlerFrench,Linkedin,1,0,1,United States
Business,Techniques,Communication,,,Communication Across Cultures,2015-03-24,5,Yes,Tatiana Kolovou,Linkedin,2,0,2,United States
Business,Techniques,Ethics,,,Business Ethics,2015-12-25,5,Yes,Bob MacGannon,Linkedin,2,0,2,United States
Business,Techniques,Finances,,,Stock Traiding with Technical Analysis  Traiding Analysis,2017-01-06,5,Yes,Nrupen Nasram,Udemy,7,0,7,United States
Business,Techniques,Marketing,Facebook,,Facebook Marketing Step by Step,2017-01-06,5,Yes,Benjamin Wilson,Udemy,1,0,1,United Kingdown
Business,Techniques,Marketing,,,Branding Fundamentals,2016-01-25,5,Yes,Drew Boyd,Linkedin,2,0,2,United States
Business,Techniques,Marketing,,,Viral Marketing Crafting Shareable Content,2016-01-25,5,Yes,Jonah Berger,Linkedin,1,0,1,United States
Business,Techniques,Marketing,,,The Complete Digital Marketing Course,2016-01-11,5,Yes,Rob Percival,Udemy,2,0,2,United Kingdown
Business,Techniques,Marketing,,,Social Employes  The New Markteting Channel,2016-01-04,5,Yes,Mark Burges,Linkedin,2,0,2,United States
Business,Techniques,Marketing,,,Debbie Millman on Branding Design Matters and Personal Work,2015-12-19,5,Yes,Kristin Elison,Linkedin,2,0,2,United States
Business,Techniques,Marketing,,,Spying with SEO Tools,2015-05-20,5,Yes,Anson Alexander,Linkedin,1,0,1,United States
Business,Techniques,Soft skills,,,Building Resilience,2015-10-04,5,Yes,Tatiana Kolovou,Linkedin,1,0,1,United States
Business,Techniques,Strategy,,,Competitive Strategy Fundamentals,2015-03-24,5,Yes,Anil Gupta,Linkedin,1,0,1,United States
Business,Techniques,Teaching,,,Classroom Management Fundamentals,2016-01-05,5,Yes,Aaron Quigley,Linkedin,1,0,1,United States
Business,Techniques,Marketing,,,Building an Integrated Online Marketing Plan,2015-03-13,5,Yes,Matt Bailye,Linkedin,3,0,3,United States
Personal,Techniques,Self knowledge,,,Millonaire Mind  The Secret Psychology of Wealth,2015-01-11,5,No,T.Harv Eker's,Success Resources,32,0,32,United Kingdown
Information Technology,Artificial Inteligence,Analytics,Shiny,R,R Shiny Flex Dashboard Interactive Data Visualization,2018-01-12,5,Yes,Johnathan Ng,Udemy,4,8,12,United Kingdown
Information Technology,Artificial Inteligence,Analytics,Language,Python,Big Data and Social Analytics ,2016-01-09,5,Yes,Alex Pentland,MIT  Massachusets Institute of Tecnology,96,192,288,United States
Information Technology,Artificial Inteligence,Data,Kafka,,Apache Kafka for Beginners,2018-02-01,5,Yes,Stephane Maarek,Udemy,4,8,12,United Kingdown
Information Technology,Artificial Inteligence,Data,Neo4J,,Learning Neo4j,2017-05-10,5,Yes,Duane Nickull,Linkedin,3,6,9,United Kingdown
Information Technology,Artificial Inteligence,Data,NIFI,,Apache NIFI,2018-05-01,5,Yes,Stephane Maarek,Udemy,4,8,12,United Kingdown
Information Technology,Artificial Inteligence,Data,Language,R,Import Data in R (Part1),2013-11-15,5,Yes,Filip Schouwenaars,Data Camp,3,6,9,Belgium
Information Technology,Software Development,IOT,,,New Business Markets in the Internet of Things,2017-01-01,5,Yes,Ayora Berry,Udemy,8,16,24,United States
Information Technology,Artificial Inteligence,Machine Learning,Apache Spark,R,Supercharge R with Spark R ,2017-01-01,5,Yes,Manuel Amunateguy,Udemy,24,48,72,United States
Information Technology,Artificial Inteligence,Machine Learning,QGIS,,Machine Learning in GIS: Understanding the Theory and Practice,2024-09-01,5,Yes,Kate Alison,Udemy,6,6,12,United Kingdown
Information Technology,Artificial Inteligence,Machine Learning,Apache Spark,Scala,Apache Spark 2.0 with Scala Hands on Big Data,2017-01-01,5,Yes,Frank kane,Udemy,24,48,72,United States
Information Technology,Artificial Inteligence,Machine Learning,Apache Spark,Scala,Taming Big Data with Spark Streaming and Scala Hands on,2017-01-01,5,Yes,Frank Kane,Udemy,24,48,72,United States
Information Technology,Artificial Inteligence,Machine Learning,Apache Spark,Scala,Spark and Scala,2016-01-12,5,Yes,Jismi,Edureka,70,80,150,India
Information Technology,Artificial Inteligence,Machine Learning,Apache Spark,Spark,Apache Spark Essential Training  Data Engineering,2018-03-21,5,Yes,Kumaran Ponnambalam,Linkedin,1,3,4,United Kingdown
Information Technology,Artificial Inteligence,Machine Learning,Apache Spark,Spark,Apache Essentials,2018-03-20,5,Yes,Ben Sullins,Linkedin,1,2,3,United Kingdown
Information Technology,Artificial Inteligence,Machine Learning,Apache Spark,Spark,Spark for Machine Learning & AI,2018-01-07,5,Yes,Dan Sullivan,Linkedin,4,0,4,United Kingdown
Information Technology,Artificial Inteligence,Machine Learning,Apache Spark,Spark,Extending Hadoop for Data Science: Streaming Spark Storm and Kafka,2017-02-09,5,Yes,Lynn Langit,Linkedin,3,6,9,United Kingdown
Information Technology,Artificial Inteligence,Machine Learning,Apache Spark,Spark,The Ultimate hands on hadoop  Tame your BigData,2017-01-10,5,Yes,Frank Kane,Udemy,15,29,44,United States
Information Technology,Artificial Inteligence,Data,Hadoop,,Big Data and Hadoop Essentials,2017-01-01,5,Yes,Nitesh Jain,Udemy,8,16,24,United States
Information Technology,Artificial Inteligence,Data,Hadoop,,Introduction to Data Science,2016-01-07,5,Yes,Robert Smallwood,Linkedin,4,8,12,United States
Information Technology,Artificial Inteligence,Data,Hadoop,,Hadoop Fundamentals ,2015-04-24,5,Yes,Lynn Langit,Linkedin,5,10,15,United States
Information Technology,Artificial Inteligence,Machine Learning,Language,Julia,Julia for Data Scientists First Look,2016-01-10,5,Yes,Barton Poulson,Linkedin,1,2,3,United States
Information Technology,Artificial Inteligence,Machine Learning,Language,R,Learn Data Science and  Machine Learning with R from A-Z,2022-01-01,5,Yes,Juan E. Galvan,Udemy,29,20,49,United Kingdown
Information Technology,Artificial Inteligence,Machine Learning,Language,R,Data science with R Tidyverse,2021-09-25,5,Yes,Marko Intihar,Udemy,30,30,60,United Kingdown
Information Technology,Artificial Inteligence,Machine Learning,Language,R,Bayesian Computational Analysis,2018-03-04,5,Yes,Geoffrey Hubona Ph.D.,Udemy,13,26,39,United States
Information Technology,Artificial Inteligence,Machine Learning,Language,R,Social Network Analysis with R,2017-05-10,5,Yes,Curt Frye,Linkedin,3,7,10,United Kingdown
Information Technology,Artificial Inteligence,Machine Learning,Language,R,Master Data Science with R,2017-01-12,5,Yes,Minerva Singh,Udemy,25,49,74,United Kingdown
Information Technology,Artificial Inteligence,Machine Learning,Language,R,Machine Learning AZ      Python R,2017-01-05,5,Yes,Kiril Eremenko Hadelin de Ponteves,Super Data Science,41,82,123,United States
Information Technology,Artificial Inteligence,Machine Learning,Language,R,Unsupervised Learning in R,2013-08-15,5,Yes,Hank Roark,Data Camp,4,8,12,Belgium
Information Technology,Artificial Inteligence,Machine Learning,,,Data Science foundation Fundamentals,2018-01-07,5,Yes,Barton Poulson,Linkedin,4,0,4,United Kingdown
Information Technology,Artificial Inteligence,Machine Learning,,,Data Science foundation:DataMining,2016-01-10,5,Yes,Barton Poulson,Linkedin,5,10,15,United States
Information Technology,Artificial Inteligence,Machine Learning,,,Data Science,2016-01-08,5,Yes,,Edureka,70,0,70,India
Information Technology,Artificial Inteligence,Machine Learning,,,Machine Learning Toolbox,2014-12-01,5,Yes,Zachary DeaneMayer,Data Camp,4,8,12,Belgium
Information Technology,Artificial Inteligence,Machine Learning,,,Introduction to Machine Learning,2014-11-01,5,Yes,Vincent Vankrunkelsven,Data Camp,6,12,18,Belgium
Information Technology,Artificial Inteligence,Machine Learning,,,Foundations of Inference,2014-05-01,5,Yes,Jo Hardin,Data Camp,4,8,12,Belgium
Information Technology,Artificial Inteligence,Machine Learning,,,Correlation and Regression,2014-03-01,5,Yes,Ben Baumer,Data Camp,4,8,12,Belgium
Information Technology,Artificial Inteligence,Neural Network,H2O,R,Complete Machine Learning and Deep Learning with H20,2021-03-03,5,Yes,Minerva Singh,Udemy,5,5,10,United Kingdown
Information Technology,Artificial Inteligence,Neural Network,Keras,Python,Artificial Inteligence Masterclass,2024-05-30,5,Yes,Kiril Eremenko Hadelin de Ponteves,Udemy,10,10,20,United States
Information Technology,Artificial Inteligence,Neural Network,Keras,Python,Complete Deep Learning with Keras and Others,2021-03-06,5,Yes,Minerva Singh,Udemy,8,12,20,United Kingdown
Information Technology,Artificial Inteligence,Neural Network,Open CV,Python,Computer Vision AZ   Open CV GUNS Cutting,2017-01-11,5,Yes,Kiril Eremenko & Hadelin de Ponteves,Super Data Science,6,11,17,United States
Information Technology,Artificial Inteligence,Neural Network,Tensorflow,Python,20 Real World Data Science and Machine Learning 2021,2021-10-31,5,Yes,,Udemy,20,10,30,United Kingdown
Information Technology,Artificial Inteligence,Neural Network,Yolo,Python,Computer Vision Yolo Custom Object Detection with Colab GPU,2021-05-22,5,Yes,Abhilash Nelson,Udemy,4,10,14,United States
Information Technology,Artificial Inteligence,Neural Network,Language,Python,Artificial Inteligence AZ,2017-01-09,5,Yes,Kiril Eremenko Hadelin de Ponteves,Super Data Science,17,33,50,United States
Information Technology,Artificial Inteligence,Neural Network,Language,Python,Advanced AI  Deep Reinforcement Learning in Python,2017-01-07,5,Yes,Lazy Programmer,Udemy,5,9,14,United States
Information Technology,Artificial Inteligence,Neural Network,Language,Python,Deep Learning AZ  Python,2017-01-05,5,Yes,Kiril Eremenko Hadelin de Ponteves,Super Data Science,22,44,66,United States
Information Technology,Artificial Inteligence,Neural Network,Language,R,Deep Learning Regression with R,2018-05-01,5,Yes,Diego Rodrigues,Udemy,4,8,12,United Kingdown
Information Technology,Artificial Inteligence,Statistics,SPSS,,SPSS  Statistical Essencial Training,2016-01-04,5,Yes,Barton Poulson,Linkedin,5,10,15,United States
Information Technology,Artificial Inteligence,Statistics,,,Math for Data Science Masterclass,2024-02-04,5,Yes,Krista King and Jose Portilla,Udemy,16,0,16,United Kingdown
Information Technology,Artificial Inteligence,Statistics,,,Statistics Foundation 2,2018-12-03,5,Yes,Eddie Davila,Linkedin,2,4,6,United Kingdown
Information Technology,Artificial Inteligence,Statistics,,,Statistics Foundation 1,2018-11-03,5,Yes,Eddie Davila,Linkedin,2,4,6,United Kingdown
Information Technology,Artificial Inteligence,Statistics,,,Statistics Foundation 3,2018-03-14,5,Yes,Eddie Davila,Linkedin,2,4,6,United Kingdown
Information Technology,Artificial Inteligence,Statistics,,,Statistics for Business Analytics AZ,2017-01-06,5,Yes,Kiril Eremenko,Super Data Science,7,14,21,United States
Information Technology,Artificial Inteligence,Data,Hadoop,,Big Data and Hadoop,2016-05-03,5,Yes,Chaitam,Edureka,70,0,70,India
Information Technology,Artificial Inteligence,Data,Hadoop,,Data Analysis on Hadoop,2016-01-07,5,Yes,Jack Dintruff,Linkedin,1,2,3,United States
Information Technology,Artificial Inteligence,Machine Learning,Language,R,Machine Trading Analysis with R,2017-01-11,5,Yes,Diego Rodrigues,Udemy,6,11,17,United Kingdown
Information Technology,Network,Cloud,AWS,,Ultimate AWS Solutions Architect Professional 2021,2021-11-30,5,Yes,Stephane Maarek,Udemy,15,15,30,United Kingdown
Information Technology,Network,Cloud,AWS,,AWS Cloud Formation Masterclass,2021-04-18,5,Yes,Stephane Maarek,Udemy,4,4,8,United States
Information Technology,Network,Cloud,AWS,,AWS Associate Developer Associate 2020,2020-01-12,5,Yes,Stephane Maarek,Udemy,30,25,55,United States
Information Technology,Network,Cloud,AWS,,Ultimate AWS Certified Solution Architect 2020,2020-01-02,5,Yes,Stephane Maarek,Udemy,9,18,27,United Kingdown
Information Technology,Network,Cloud,AWS,,EU Privacy Law & AWS,2019-01-01,5,Yes,,Udemy,2,0,2,United Kingdown
Information Technology,Network,Cloud,AWS,,Amazon AWS Associate Solution Architect ,2018-01-05,5,Yes,Ryan Kroonenberg,Udemy,21,10,31,United Kingdown
Information Technology,Network,Cloud,AWS,,Amazon webservices for Data Science,2016-01-10,5,Yes,Lynn Langit,Linkedin,4,8,12,United States
Information Technology,Network,Cloud,AWS,,Amazon webservices Data Services,2016-01-04,5,Yes,Lynn Langit,Linkedin,5,10,15,United States
Information Technology,Network,Cloud,AZURE,,Understanding Microsoft Azure Core Functionalities,2016-01-05,5,Yes,David Rivers,Linkedin,3,6,9,United States
Information Technology,Network,Cloud,Containers,,Containers,2021-07-30,5,Yes,Bret Fisher,Udemy,20,30,50,United States
Information Technology,Network,Cloud,Google Cloud,,Google Cloud Plataform Essential Training,2016-01-10,5,Yes,Lynn Langit,Linkedin,4,8,12,United States
Information Technology,Network,Cloud,VPN,,CCNA Security 210-216 all about VPN,2022-06-22,5,No,Chris Briant,Udemy,1,0,1,United States
Information Technology,Network,Cloud,,,Introduction to Networking for complete beginners,2022-06-21,5,No,Marious Kuriata,Udemy,2,0,2,United Kingdown
Information Technology,Network,Cloud,Google Cloud,,Google Cloud Plataform Master Class - All 4GCP Certifications,2022-05-30,5,Yes,Anshul,Udemy,31,20,51,United Kingdown
Information Technology,Network,Cloud,,,Cloud Computing First Look,2015-03-18,5,Yes,David Rivers,Linkedin,2,3,5,United States
Information Technology,Network,Cloud,,,Cybersecurity with Cloud Computing,2015-01-05,5,Yes,Malcolm Shore,Linkedin,3,6,9,United States
Information Technology,Network,Machine Learning,AWS,,Ultimate AWS Machine Learning Specialty 2020,2020-01-01,5,Yes,Stephane Maarek & Frank Kane,Udemy,9,18,27,United States
Information Technology,Network,Machine Learning,AWS,,AWS Machine Learning AI SageMaker with python,2018-01-07,5,Yes,Chandra Lingam,Udemy,6,3,9,United Kingdown
Information Technology,Operational System,Linux,,,Linux  Shell Scripst: how to automate command line,2018-10-04,5,Yes,Jason Cannon,Linkedin,6,11,17,United States
Information Technology,Operational System,Linux,,,Linux,2018-01-04,5,Yes,Jason Cannon,Linkedin,13,25,38,United States
Information Technology,Operational System,Linux,,,Up and Running with CentOS,2016-01-11,5,Yes,Scott Simpson,Linkedin,2,4,6,United States
Information Technology,Operational System,Windows,,,Windows 10  New Futures,2015-01-07,5,Yes,Garrick Chow,Linkedin,2,4,6,United States
Information Technology,Quality,CMMI,,,Reviews and Test,2012-12-18,5,Yes,PM Practice,Wipro Technologies,16,32,48,India
Information Technology,Quality,CMMI,,,Software Configuration Management,2012-12-18,5,Yes,PM Practice,Wipro Technologies,16,32,48,India
Information Technology,Quality,CMMI,,,CMMI Hight Maturity,2012-10-29,5,Yes,PM Practice,Wipro Technologies,16,32,48,India
Information Technology,Quality,CMMI,,,CMMI Applied,2007-01-01,5,No,,HP Consulting,8,16,24,Brasil
Information Technology,Quality,CMMI,,,Introduction to CMMI,2007-01-01,5,No,,HP Consulting,8,16,24,Brasil
Information Technology,Quality,VelociQ,,,VelociQ 101  An Introduction to Quality at Wipro,2012-12-18,5,Yes,PM Practice,Wipro Technologies,16,32,48,India
Information Technology,Quality,VelociQ,,,VelociQ 201,2012-12-18,5,Yes,PM Practice,Wipro Technologies,16,32,48,India
Information Technology,Artificial Inteligence,Machine Learning,Language,Qiskit,QC101 Quantum Computing and Intro to Quantum Machine Learning,2024-02-12,5,Yes,Kumarasan Paranathan,Udemy,12,12,48,United Kingdowm
Information Technology,Security,Cloud,AWS,,AWS Certified Security Specialty,2021-10-24,5,Yes,Chandra Lingan,Udemy,18,18,36,United Kingdown
Information Technology,Security,Criptography,,,Understanding SSH,2015-01-08,5,Yes,Scott Simpson,Linkedin,1,2,3,United States
Information Technology,Security,Criptography,,,Essentials of Cryptography and Network Security,2015-01-07,5,Yes,Lisa Bock,Linkedin,2,4,6,United States
Information Technology,Security,Ethical Hacking,,,Website Hacking Penetration Test & Bug Bounty Hunting,2022-03-31,5,Yes,Zaid Sabih,Udemy,11,11,22,United Kingdown
Information Technology,Security,Ethical Hacking,,,Complete Ethical Hacking Bootcamp 2022,2022-03-27,5,Yes,Andrei Neagoei,Udemy,28,28,56,United Kingdown
Information Technology,Security,Ethical Hacking,,,Learn Python and Ethical Hack from Scratch,2022-03-27,5,Yes,Zaid Sabih,Udemy,25,25,50,United Kingdown
Information Technology,Security,Ethical Hacking,,,Learn Social Engineering from Scratch,2022-03-27,5,Yes,Zaid Sabih,Udemy,13,13,26,United Kingdown
Information Technology,Security,Ethical Hacking,,,Learn Ethical Hacking from Scratch,2022-01-23,5,Yes,Zaid Sabih,Udemy,16,16,32,United Kingdown
Information Technology,Security,Ethical Hacking,,,The Ultimate Dark Web Anonimity Privacy and Security Course,2022-01-02,5,Yes,Zaid Sabih,Udemy,11,11,22,United Kingdown
Information Technology,Security,Concepts,,,Information Security & Privacy Training Course,2021-08-02,5,Yes,,Johnson&Johnson,1,0,1,United Kingdown
Information Technology,Security,Concepts,,,Foundation of IT Security: Core concepts,2016-01-11,5,Yes,Lisa Bock,Linkedin,2,4,6,United States
Information Technology,Security,Concepts,,,Foundations of IT Security:Operation System Security,2016-01-11,5,Yes,Lisa Bock,Linkedin,1,2,3,United States
Information Technology,Security,Concepts,,,Foundation of Cybersecurity,2015-01-09,5,Yes,Malcolm Shore,Linkedin,3,6,9,United States
Information Technology,Security,Ethical Hacking,,,Growth Hacking Fundamentals,2015-01-08,5,Yes,Brad Batesol,Linkedin,2,4,6,United States
Information Technology,Network,Data,AWS,,Data Lake Mastery: The Key to Big Data & Data Engineering,2024-02-25,5,Yes,Nikolai Schuler,Udemy,10,0,10,United Kngdown
Information Technology,Software Development,UML,,,UML Boot Camp: Master Unified Modeling Language,2024-02-20,5,Yes,Rami Ibrahin,Udemy,2,8,10,United kingdown
Information Technology,Software Development,ERP/CRM,Broadvision,Java,BroadVision Server Side Scripting ,2003-01-06,5,No,,BroadVision,16,32,48,Brasil
Information Technology,Software Deployment,ERP/CRM,Broadvision,,BroadVision System Administration ,2003-01-06,5,No,,BroadVision,16,32,48,Brasil
Information Technology,Software Deployment,ERP/CRM,Broadvision,,BroadVision Performance Analysis,2003-01-01,5,No,,BroadVision,16,32,48,Brasil
Information Technology,Software Deployment,ERP/CRM,Microsoft Dynamics,,Microsoft Dynamics 365 mini workshop,2018-03-20,5,Yes,Helen Jones,Udemy,1,0,1,United Kingdown
Information Technology,Software Deployment,ERP/CRM,Salesforce,,Learn Salesforce in easy  steps and get certified,2018-08-31,5,Yes,Samata Shag,Udemy,4,4,8,United Kingdown
Information Technology,Software Deployment,ERP/CRM,Salesforce,,Salesforce Sales Cloud Consultant Cerification Course,2018-08-29,5,Yes,Mike Wheeler,Udemy,11,11,22,United Kingdown
Information Technology,Software Deployment,ERP/CRM,Salesforce,,Business Manager`s complete guide to Salesforce CRM,2018-08-26,5,Yes,John Wiley,Udemy,10,10,20,United Kingdown
Information Technology,Software Deployment,ERP/CRM,SAP,,SAP S/4HANA Finance & Controling - Configuration and End User,2024-12-22,5,Yes,Hana W. Mehmood,Udemy,55,30,85,United Kngdown
Information Technology,Software Deployment,ERP/CRM,SAP,,Introduction to SAP Business One,2018-01-07,5,Yes,Sara Araby,Udemy,7,0,7,United States
Information Technology,Software Deployment,ERP/CRM,SAP,,SAP HANNA Implementation Modeling and Reporting,2018-01-07,5,Yes,Junaid Ahmed,Udemy,25,0,25,United States
Information Technology,Software Deployment,ERP/CRM,SAP,,SAP BI   Business Inteligence,2011-01-11,5,No,,KPS Global,40,80,120,United Kingdown
Information Technology,Software Deployment,ERP/CRM,SAP,,SAP Advanced Business Application Programming (ABAP),1999-01-10,5,Yes,,Softtek,40,80,120,Brasil
Information Technology,Software Deployment,Language,Android,,Became an Android  Developer from Scratch,2015-01-10,5,Yes,Adam Lupo,Udemy,13,25,38,United Kingdown
Information Technology,Software Deployment,ERP/CRM,SAP,,SAP UX  Strategy Workshop,2015-01-10,5,No,Blue Stonex  SAP  Germany,BlueStonex,4,8,12,United Kingdown
Information Technology,Software Deployment,Web Site,Sharepoint,,Sharepoint Server 2013 Essential Training,2015-11-05,5,Yes,Gini Courter,Linkedin,10,0,10,United States
Information Technology,Software Deployment,Web Site,Sharepoint,,Managing Documents with Sharepoint 2013,2015-04-24,5,Yes,Mark Abdelnour,Linkedin,2,0,2,United States
Information Technology,Software Deployment,Web Site,Sharepoint,,Sharepoint Designer 2013 : Custom Workflows,2015-04-21,5,Yes,Gini Courter,Linkedin,7,0,7,United States
Information Technology,Software Deployment,Web Site,Sharepoint,,Sharepoint 2013 New Features,2015-04-13,5,Yes,Gini Courter,Linkedin,3,0,3,United States
Information Technology,Software Development,Analytics  ,Language,R,Working with Geospatial Data in R,2013-09-15,5,Yes,Charlotte Wickham,Data Camp,4,8,12,Belgium
Information Technology,Software Development,Analytics  ,Language,R,Text Mining: Bag of Words,2013-09-01,5,Yes,Ted Kwartler,Data Camp,4,8,12,Belgium
Information Technology,Software Development,Analysis,,,JAD  Joint Application Design ,2002-01-06,5,No,,Xerox,8,16,24,Brasil
Information Technology,Software Development,Analysis,,,Data Modeling,1992-01-09,5,Yes,,RCM Brasil,24,48,72,Brasil
Information Technology,Software Development,Analytics,Excel,,Visually Effective Excel Dashboards,2023-11-30,5,Yes,Leila Gharani,Udemy,11,11,22,United States
Information Technology,Software Development,Analytics,Excel,,Microsoft Excel - Advanced Formulas and Functions,2024-02-05,5,Yes,"Chris Dutton, Aaron Perry",Udemy,10,10,20,United States
Information Technology,Software Development,Analytics,Excel,,Microsoft Excel - Data Analysis with Excel Pivot Tables,2023-07-03,5,Yes,"Chris Dutton, Aaron Perry",Udemy,7,7,14,United States
Information Technology,Software Development,Analytics,Power BI,,Microsoft Power BI Desktop for Business Intelligence,2022-05-10,5,Yes,"Chris Dutton, Aaron Perry",Udemy,31,24,55,United States
Information Technology,Software Development,Analytics,Shiny,R,Interactive Data Visualization with R Shiny,2021-08-14,5,Yes,Nathaniel Whittingham,Udemy,6,20,26,United States
Information Technology,Software Development,Analytics,Shiny,R,Creating Interative Presentations with shine and R,2016-01-08,5,Yes,Martin Hadley,Linkedin,2,4,6,United States
Information Technology,Software Development,Analytics,Tableau,,Tableau 10 Advanced Training,2017-01-09,5,Yes,Kiril Eremenko,Super Data Science,9,18,27,United States
Information Technology,Software Development,Analytics,Tableau,,Tableau 10 AZ,2017-01-08,5,Yes,Kiril Eremenko,Super Data Science,8,15,23,United States
Information Technology,Software Development,Analytics,Tableau,,Up and Running With Tableau 2014,2015-01-08,5,Yes,Curt Frye,Linkedin,1,2,3,United States
Information Technology,Software Development,Analytics,Language,Python,Introdution to Data Analysis with Python,2016-09-05,5,Yes,Michele Valisneri,Linkedin,2,4,6,United States
Information Technology,Software Development,Analytics,Language,R,Descriptive Healthcare Analitics with R,2018-01-07,5,Yes,Monica Wari,Linkedin,6,0,6,United Kingdown
Information Technology,Software Development,Analytics,Language,R,Case Studies With Data Mining with R,2017-01-11,5,Yes,Geoffrey Hubona,Udemy,6,11,17,United Kingdown
Information Technology,Software Development,Analytics,Language,R,R Real World Datamining with R,2017-01-05,5,Yes,Geoffrey Hubona Ph.D.,Udemy,7,14,21,United States
Information Technology,Software Development,Analytics,Language,R,Exploratory Data Analysis in R  Case Study,2014-06-01,5,Yes,David Robinson,Data Camp,4,8,12,Belgium
Information Technology,Software Development,Analytics,Language,R,Data Analysis in R the data.table Way,2014-02-15,5,Yes,Matt Dowle,Data Camp,4,8,12,Belgium
Information Technology,Software Development,Analytics,Language,R,Reporting with R Markdown,2014-02-01,5,Yes,Garrett Grolemund,Data Camp,3,6,9,Belgium
Information Technology,Software Development,Analytics,Language,R,Manipulating Time Series with R:  Case Studies,2013-11-01,5,Yes,Lore Dirick,Data Camp,4,8,12,Belgium
Information Technology,Software Development,Analytics,Language,R,Introduction to Time Series Analysis,2013-10-15,5,Yes,David S. Matteson,Data Camp,4,8,12,Belgium
Information Technology,Software Development,Analytics,Language,R,ARIMA Modeling in R,2013-10-01,5,Yes,Lore Dirick,Data Camp,4,8,12,Belgium
Information Technology,Software Development,Analytics,Language,R,Data Visualization with GGplot2(Part3),2013-08-01,5,Yes,David Stoffer,Data Camp,4,8,12,Belgium
Information Technology,Software Development,Analytics,Language,R,Beginning Bayes in R,2013-07-15,5,Yes,Jim ,Data Camp,4,8,12,Belgium
Information Technology,Software Development,Analytics,Language,R,Data Visualization with GGplot2(Part1),2013-06-15,5,Yes,Rick Scavetta,Data Camp,5,10,15,Belgium
Information Technology,Software Development,Analytics,Language,R,Data Manipulation in R with dplyr,2013-06-01,5,Yes,Garrett Grolemund,Data Camp,4,8,12,Belgium
Information Technology,Software Development,Analytics,Language,R,Statistical Modeling in R(Part 1),2013-05-15,5,Yes,Daniel Kaplan,Data Camp,4,8,12,Belgium
Information Technology,Software Development,Analytics,Language,R,Cleaning Data in R,2013-05-01,5,Yes,Nick Carchedi,Data Camp,4,8,12,Belgium
Information Technology,Software Development,Analytics,Language,R,Data Visualization in R,2013-04-01,5,Yes,Ronald Pearson,Data Camp,4,8,12,Belgium
Information Technology,Software Development,Analytics,Language,R,Data Visualization with GGplot2(Part2),2013-03-01,5,Yes,Rick Scavetta,Data Camp,5,10,15,Belgium
Information Technology,Software Development,Analytics,Language,R,Joining Data in R with dplyr,2013-02-15,5,Yes,Garrett Grolemund,Data Camp,4,8,12,Belgium
Information Technology,Software Development,Analytics,Language,R,Importing & Cleaning Data in R: Case Studies,2013-02-01,5,Yes,Nick Carchedi,Data Camp,4,8,12,Belgium
Information Technology,Software Development,Analytics,Language,R,Introduction to Data,2013-01-01,5,Yes,Mine CetinkayaRundel,Data Camp,4,8,12,Belgium
Information Technology,Software Development,Analytics,,,Wayne Wilston In Analytics,2015-01-06,5,Yes,Wayne Wilston,Linkedin,1,2,3,United States
Information Technology,Software Development,Analytics,,,Foundations of Business Analytics: Prescritive Analytics,2015-01-05,5,Yes,Alan Simon,Linkedin,3,6,9,United States
Information Technology,Software Development,Analytics,,,Exploratory Data Analysis,2014-10-01,5,Yes,Andrew Bray,Data Camp,4,8,12,Belgium
Information Technology,Artificial Inteligence,Machine Learning,Apache Spark,Spark,Architecting Big Data Solutions,2017-01-01,5,Yes,V2 Maestro,Udemy,24,48,72,United States
Information Technology,Software Development,Architecture,Language,Basic,Files Structures for Microcomputers,1985-01-10,5,Yes,,PUCRS,24,48,72,Brasil
Information Technology,Software Development,Architecture,,,Developer to Architect: Mastering Software Architecture,2021-11-30,5,Yes,Anurag Yadav,Udemy,26,26,52,United Kingdown
Information Technology,Software Development,Blockchain,Language,Python,Blockchain AZ,2018-03-04,5,Yes,Kiril Eremenko & Hadelin de Ponteves,Super Data Science,15,26,41,United Kingdown
Information Technology,Software Development,Blockchain,,,Blockchain Beyond the Basics,2018-01-08,5,Yes,Jonathan Reichental,Linkedin,2,0,2,United Kingdown
Information Technology,Software Development,Blockchain,,,Block Chain Technology : A guide to the Block Chain,2017-01-06,5,Yes,Ravinder Deol,Udemy,1,0,1,United States
Information Technology,Software Development,Data,Cassandra,,Cassandra Data Modelling Essential training,2018-01-08,5,Yes,Dan Sullivan,Linkedin,3,0,3,United Kingdown
Information Technology,Software Development,Data,Cassandra,,Getting Started with Apache Cassandra,2017-01-12,5,Yes,Infinite Skills,Udemy,8,16,24,United Kingdown
Information Technology,Software Development,Data,Mongo DB,,The Complete Developers Guide to Mongo DB,2017-01-12,5,Yes,Stephen Grider,Udemy,14,27,41,United Kingdown
Information Technology,Software Development,Data,Language,R,Import Data in R (Part2),2014-01-01,5,Yes,Filip Schouwenaars,Data Camp,3,6,9,Belgium
Information Technology,Software Development,Data,Language,ZIM,Programing ZIM Language  Level II,1992-01-08,5,Yes,,RCM Brasil,32,64,96,Brasil
Information Technology,Software Development,Data,,,Techniques and Concepts of Big Data,2015-03-24,5,Yes,Barton Poulson,Linkedin,3,5,8,United States
Information Technology,Software Development,Data,,,No SQL for SQL Professionals,2015-01-09,5,Yes,Lynn Langit,Linkedin,4,8,12,United States
Information Technology,Software Development,Analytics,,,Transition from Datawarehouse to Big data,2015-01-08,5,Yes,Alan Simon,Linkedin,2,4,6,United States
Information Technology,Software Development,Data,,,The Fundamentals of Document Retention and Data Management,2015-01-07,5,Yes,Willian Joseph,Linkedin,2,0,2,United States
Information Technology,Software Development,Language,Language,Python,Design Paterns with Python,2016-01-05,5,Yes,Jungwoo Ryoo,Linkedin,2,4,6,United States
Information Technology,Software Development,IOT,,,IOT Fundamentals,2018-03-25,5,Yes,,Linkedin,1,0,1,United Kingdown
Information Technology,Software Development,Language,Language,Python,100 days of Code: The complete Python Pro Bootcamp,2021-08-07,5,Yes,Dr. Angela Yu,Udemy,63,100,163,United Kingdown
Information Technology,Software Development,QR Codes,,,Design the Web : Adding Dynamic Qrcodes,2015-01-06,5,Yes,Chris Converse,Linkedin,1,2,3,United States
Information Technology,Software Development,Quant Finances,Language,R,Algoritim Trading and Time Series Analysis in Python and R,2022-04-21,5,Yes,Holczer Balazs,Udemy,19,19,38,United Kingdown
Information Technology,Software Development,Quant Finances,Language,R,Investiment Portfolio Analysis,2018-01-06,5,Yes,Diego Rodrigues,Udemy,7,12,19,United Kingdown
Information Technology,Software Development,Quant Finances,Language,R,Pair Trading Analysis with R,2017-01-11,5,Yes,Diego Rodrigues,Udemy,6,11,17,United Kingdown
Information Technology,Software Development,Quant Finances,Language,R,Volatility Trading Analysis with R,2017-01-11,5,Yes,Diego Rodrigues,Udemy,6,11,17,United Kingdown
Information Technology,Software Development,Quant Finances,Language,R,Forecasting Models with R,2017-01-07,5,Yes,Diego Rodrigues,Udemy,7,13,20,United States
Information Technology,Software Development,Quant Finances,Language,R,Quantitative Trading Analysis with R,2017-01-07,5,Yes,Diego Rodrigues,Udemy,8,15,23,United States
Information Technology,Software Development,Quant Finances,Language,R,Stock Technical Analysis with R,2017-01-07,5,Yes,Diego Rodrigues,Udemy,7,14,21,United States
Information Technology,Software Development,Quant Finances,Language,R,Practical Data Science Analysing Stock Market Data ,2017-01-05,5,Yes,Manuel Amunateguy,Udemy,4,8,12,United States
Information Technology,Software Development,Quant Finances,Language,R,Intermediate Portfolio Analysis with in R,2016-01-11,5,Yes,Ross Bennett,Data Camp,5,10,15,Belgium
Information Technology,Software Development,Quant Finances,Language,R,Manipulating Time Series Data in R with xts & Zoo,2014-09-01,5,Yes,Jeffrey Ryan,Data Camp,4,8,12,Belgium
Information Technology,Software Development,Quant Finances,Language,R,Bond Valuation and Analysis in R,2014-07-01,5,Yes,Clifford Ang,Data Camp,4,8,12,Belgium
Information Technology,Software Development,Quant Finances,Language,R,Introduction to R for Finance,2014-01-15,5,Yes,Andrew Bray,Data Camp,4,8,12,Belgium
Information Technology,Software Development,Quant Finances,Language,R,Credit Risk Modeling in R,2013-12-01,5,Yes,Lore Dirick,Data Camp,4,8,12,Belgium
Information Technology,Software Development,Quant Finances,Language,R,Introduction to Portfolio Analysis with R,2013-07-01,5,Yes,Kris Boudt,Data Camp,5,10,15,Belgium
Information Technology,Software Development,Quant Finances,Language,R,Financial Trading in R,2013-04-15,5,Yes,Ilya Kipnis,Data Camp,5,10,15,Belgium
Information Technology,Software Development,Quant Finances,Language,R,Importing and Managing Financial Data in R,2013-03-15,5,Yes,Joshua Ulrich,Data Camp,5,10,15,Belgium
Information Technology,Software Development,Quant Finances,Language,R,Intermediate R for Finance,2013-01-15,5,Yes,Lore Dirick,Data Camp,5,10,15,Belgium
Information Technology,Software Development,Statistics,Language,Node Red,Learn Node Red Programming in 48 hours,2018-07-01,5,Yes,Venkatesh Varadachari,Udemy,48,48,96,United Kingdown
Information Technology,Software Development,Statistics,Language,R,Learn by Example Statistics and Data Science in R,2018-01-05,5,Yes,Janani Vitthal,Udemy,9,3,12,United Kingdown
Information Technology,Software Development,UX/UI,Language,HTML/CSS/Java Script,UI UX Web Design Hybrid with HTML CSS Javascript and Bootstrap,2021-05-30,5,Yes,Hossein Boroji,Udemy,25,40,65,Canada
Information Technology,Software Development,UX/UI,Language,HTML/CSS/Java Script,User Experience Fundamentals for Webdesign,2015-01-09,5,Yes,Chris Noder,Linkedin,2,4,6,United States
Information Technology,Software Development,UX/UI,Language,R,Colors for Data Science AZ,2018-07-02,5,Yes,Kiril Eremenko & Patricia Jileniewikz,Udemy,4,8,12,United Kingdown
Information Technology,Software Development,Data,Elasticsearch,,Elasticsearch 5 and Elastic Stack,2017-01-09,5,Yes,Diego Rodrigues,Udemy,8,16,24,United States
Information Technology,Software Development,Language,Language,Basic,Programing  BASIC Programing Language,1986-01-12,5,Yes,,Process Escola de Informatica,60,60,120,Brasil
Information Technology,Software Development,Language,Language,Centura,SQL Server  Centura,1995-01-05,5,Yes,,IBPI ,40,80,120,Brasil
Information Technology,Software Development,Language,Language,COBOL,Programing  COBOL Language,1992-01-10,5,Yes,,DIDATA ,50,100,150,Brasil
Information Technology,Software Development,Language,Language,Dataflex,Dataflex Langiuage  Level II,1992-01-10,5,Yes,,Intercomp,16,32,48,Brasil
Information Technology,Software Development,Language,Language,Dataflex,Dataflex Language  Object Oriented,1992-01-10,5,Yes,,Intercomp,24,48,72,Brasil
Information Technology,Software Development,Language,Language,Java,Java Essential Training for Students,2015-01-09,5,Yes,Peggy Fisher,Linkedin,4,8,12,United States
Information Technology,Software Development,Language,Language,Java,Up and Running With Java,2015-01-09,5,Yes,Peggy Fisher,Linkedin,4,8,12,United States
Information Technology,Software Development,Language,Language,Mumps, Mumps Programing Language,1987-01-06,5,Yes,,SENAC,20,20,40,Brasil
Information Technology,Software Development,Language,Language,Python,Complete 2021 Web Development Bootcamp,2021-01-05,5,Yes,Dr. Angela Yu,Udemy,55,55,110,United Kingdown
Information Technology,Software Development,Language,Language,Python,Build a Web Application with Python Flask and MLP,2021-01-01,5,Yes,Manuel Amunateguy,Udemy,55,55,110,United Kingdown
Information Technology,Software Development,Language,Language,Python,Rest API with FLASK and Python,2021-01-01,5,Yes,Jose Salvatierra,Udemy,17,17,34,United States
Information Technology,Software Development,Language,Language,Python,Up and Running with Python,2016-01-05,5,Yes,Joe Marini,Linkedin,3,5,8,United States
Information Technology,Software Development,Language,Language,R,Learning the R Tidyverse,2018-01-07,5,Yes,Martin John Hadley,Linkedin,4,0,4,United Kingdown
Information Technology,Software Development,Language,Language,R,Advanced R,2017-01-11,5,Yes,Franscisco Juretig,Udemy,6,11,17,United Kingdown
Information Technology,Software Development,Language,Language,R,R Programing AZ,2017-01-06,5,Yes,Kiril Eremenko Hadelin de Ponteves,Super Data Science,11,21,32,United States
Information Technology,Software Development,Language,Language,R,Introduction to R,2016-01-12,5,Yes,Jonathan Cornelissen,Data Camp,4,8,12,Belgium
Information Technology,Software Development,Language,Language,R,Code Clinic  R,2016-01-11,5,Yes,MarkNiemannRoss,Linkedin,4,8,12,United States
Information Technology,Software Development,Language,Language,R,Writing Functions in R,2014-08-01,5,Yes,Hadley Wickham,Data Camp,4,8,12,Belgium
Information Technology,Software Development,Language,Language,R,Object Oriented Programming in R: S3 and R6,2014-04-01,5,Yes,Richie Cotton,Data Camp,4,8,12,Belgium
Information Technology,Software Development,Language,Language,R,Intermediate R Practice,2014-03-15,5,Yes,Filip Schouwenaars,Data Camp,4,8,12,Belgium
Information Technology,Software Development,Language,Language,R,Intermediate R,2013-12-15,5,Yes,Filip Schouwenaars,Data Camp,6,12,18,Belgium
Information Technology,Software Deployment,ERP/CRM,Microsoft Dynamics,,Microsoft Dinamycs CRM  Introduction,2008-03-09,5,Yes,Helen Jones,Udemy,5,0,5,United Kingdown
IT Governance,Data Management,Data,,,The Fundamentals of Document Retention and Data Management,2015-01-07,5,Yes,Willian Joseph,Linkedin,2,0,2,United States
IT Governance,Data Management,Data,,,GDPR Implementation,2019-01-01,5,Yes,Emil Reisser,Udemy,1,0,1,United Kingdown
IT Governance,Data Management,Data,,,The EU GDPR  An Introduction,2019-08-01,5,Yes,Daisi Service,Udemy,1,0,1,United Kingdown
IT Governance,Data Management,Data,,,Learning Data Governance,2018-01-07,5,Yes,Jonathan Reichental,Linkedin,1,0,1,United Kingdown
IT Governance,IT Services,ITIL,,,ITIL Foundation,2015-01-10,5,Yes,Mark Thomas,Lynda,8,0,8,United States
IT Governance,IT Services,ITIL,,,ITIL Foundation Certification,2011-01-10,5,Yes,,Thougth Rock,24,0,24,United Kingdown
IT Governance,IT Strategy,COBIT,,,COBIT5 - Control Objectives for Information Technology,2012-12-18,5,Yes,,Knowledge Academy,24,0,24,United Kingdown
IT Governance,Security,CISA,,,CISA  Certified Information System Auditor,2012-12-17,5,Yes,Joseph,Knowledge Academy,32,0,32,United Kingdown
IT Governance,IT Strategy,COBIT,,,Introduction to Information Governance,2016-01-09,5,Yes,Robert Smallwood,Linkedin,1,2,3,United States
Personal,Health,Hypnosis,,,Hypnoteraphy Certification Course,2017-01-08,5,Yes,Kain Ramsey Steven Burns  ,Udemy,14,0,14,United States
Personal,Health,Hypnosis,,,Self Hypnosis and Deep Meditation,2017-01-07,5,Yes,Irina Furin,Udemy,5,0,5,United States
Personal,Learning,Productivity,,,Study Skills Fundamentals,2015-10-28,5,Yes,Paul Nowak,Linkedin,2,0,2,United States
Personal,Techniques,Self knowledge,,,Unleash the Power within,2015-01-04,5,Yes,Anthony Robbins,Success Resources,40,0,40,United Kingdown
Personal,Learning,Productivity,Google Calendar,,Google Calendar Essential Training,2015-03-24,5,Yes,Jess Stratton,Linkedin,2,3,5,United States
Personal,Learning,Research,,,Writing Research Papers,2016-01-01,5,Yes,Judy Steiner Willians,Linkedin,2,0,2,United States
Project Management,Methodology,ERP,SAP,,SAP Agile Activate Project Management,2023-07-03,5,Yes,SAP buddy,Udemy,9,0,9,United Kingdown
Project Management,Methodology,Scrum,,,Agile PM 101 - Learn the truth about Agile versus Waterfall,2022-06-21,5,No,,,1,0,1,United Kingdown
Project Management,Methodology,Scrum,,,The Ultimate Advanced Training for Agile Product Owners,2022-06-17,5,Yes,Vladimir Raykov,Udemy,6,5,11,United Kingdown
Project Management,Methodology,Scrum,,,Agile Transformation  and Scale Agile,2022-05-25,5,Yes,ICAN Consultancy,Udemy,5,0,5,Canada
Project Management,Methodology,Scrum,,,Agile at Work: Driving Productive Agile Meetings,2016-01-05,5,Yes,Doug Rose,Linkedin,1,0,1,United States
Project Management,Methodology,Scrum,,,Managing Small Projects ,2015-05-19,5,Yes,Bonnie Biafore,Linkedin,2,0,2,United States
Project Management,Methodology,Scrum,,,Agile Project Management,2015-05-17,5,Yes,Bob McGannon,Linkedin,1,0,1,United States
Project Management,Methodology,Scrum,,,Managing Technical Teams,2015-04-13,5,Yes,Bob McGannon,Linkedin,1,0,1,United States
Project Management,Methodology,Scrum,,,Transitioning Waterfall to Agile Project Management,2015-01-10,5,Yes,Kelley O'Connel,Linkedin,2,0,2,United States
Project Management,Methodology,Scrum,,,Agile at Work  Building Your Agile Team,2015-01-09,5,Yes,Doug Rose,Linkedin,2,0,2,United States
Project Management,Methodology,Scrum,,,Scrum Master training,2011-01-05,5,Yes,,Inspect and Adapt,24,0,24,United Kingdown
Project Management,Methodology,ERP,,,Become an Expert in SAP ASAP 8 Methodology,2018-03-15,5,Yes,Success Learner,Udemy,2,0,2,United Kingdown
Project Management,Methodology,ERP,,,Accelerated SAP Roadmap  ASAP,1999-01-05,5,Yes,,SAP,16,0,16,Brasil
Project Management,Methodology,PMBOK,,,Managing Project Integration,2016-01-05,5,Yes,Bob MacGannon,Linkedin,1,0,1,United States
Project Management,Methodology,PMBOK,,,Rescuing Trouble Projects,2016-01-05,5,Yes,Bob MacGannon,Linkedin,1,0,1,United States
Project Management,Methodology,PMBOK,,,Becoming a Triple Threat Project Manager,2015-05-18,5,Yes,Bob McGannon,Linkedin,1,0,1,United States
Project Management,Methodology,PMBOK,,,Managing Project Stakeholders,2015-05-17,5,Yes,Terri Wagner,Linkedin,1,0,1,United States
Project Management,Methodology,PMBOK,,,Managing Project Procurement,2015-05-16,5,Yes,Bob McGannon,Linkedin,2,0,2,United States
Project Management,Methodology,PMBOK,,,Managing Project Quality,2015-05-16,5,Yes,Bob McGannon,Linkedin,2,0,2,United States
Project Management,Methodology,PMBOK,,,Project Management Fundamentals,2015-05-16,5,Yes,Bonnie Biafore,Linkedin,3,0,3,United States
Project Management,Methodology,PMBOK,,,Managing Project Budget,2015-05-15,5,Yes,Bob McGannon,Linkedin,1,0,1,United States
Project Management,Methodology,PMBOK,,,Managing Project Change ,2015-05-15,5,Yes,Doug Rose,Linkedin,1,0,1,United States
Project Management,Methodology,PMBOK,,,Managing Project Communication,2015-05-15,5,Yes,Doug Rose,Linkedin,2,0,2,United States
Project Management,Methodology,PMBOK,,,Managing Project Risk,2015-05-15,5,Yes,Bob McGannon,Linkedin,1,0,1,United States
Project Management,Methodology,PMBOK,,,Managing Project Teams,2015-05-15,5,Yes,Bob McGannon,Linkedin,2,0,2,United States
Project Management,Methodology,PMBOK,,,Managing Project Schedules,2015-01-04,5,Yes,Bonnie Biafore,Linkedin,2,0,2,United States
Project Management,Methodology,PMBOK,,,Preparing to PMP Exam,2012-12-18,5,Yes,,Q.A,24,0,24,United Kingdown
Project Management,Methodology,PMBOK,,,Program Framework,2012-10-20,5,Yes,,Wipro Technologies,16,0,16,India
Project Management,Methodology,PMBOK,,,PMP  Exam Preparation OnLine ,2012-01-10,5,Yes,,RMC  Project Management,35,0,35,United Kingdown
Project Management,Methodology,PMBOK,,,First National Meeting of Project Management Professinals,2003-01-06,5,Yes,,PMI,16,0,16,Brasil
Project Management,Methodology,PRINCE2,,,ILX  Prince 2 Foundation and Practitioner Exam preparation ,2014-01-07,5,Yes,,ILX Group,39,0,39,United Kingdown
Project Management,Methodology,PRINCE2,,,MSP  Foundation and Practitioner,2014-01-07,5,Yes,,ILX Group,39,0,39,United Kingdown
Project Management,Methodology,PRINCE2,,,PRINCE2  2009  Pilot,2009-01-04,5,Yes,,APM Group,16,0,16,United Kingdown
Project Management,Tools,Tools,SAP,,SAP  PS  Project System,1997-01-06,5,No,,Softtek,16,8,24,Brazil
Project Management,Tools,Tools,JIRA,,Leading Agile Teams with JIRA Software Cloud,2022-05-19,5,Yes,Jose Portilla,Udemy,9,9,18,United States
Project Management,Tools,Tools,MS Project,,Microsoft Project Server 2013 Essential Training,2015-09-04,5,Yes,Bonnie Biafore,Linkedin,5,0,5,United States
Project Management,Tools,Tools,MS Project,,Microsoft Project Web Application 2013,2015-04-14,5,Yes,John Riopel,Linkedin,2,0,2,United States
Project Management,Tools,Tools,MS Project,,Agile Project Management With a Microsoft Project,2015-01-06,5,Yes,Bonnie Biafore,Linkedin,2,0,2,United States
Project Management,Tools,Tools,MS Project,,Advanced Microsoft Project,2015-01-05,5,Yes,Bonnie Biafore,Linkedin,5,0,5,United States
Project Management,Tools,Tools,MS Project,,Microsoft Project Server 2013 Administration,2015-01-04,5,Yes,John Riopel,Linkedin,2,0,2,United States
Project Management,Tools,Tools,MS Project,,Planning Using MSProject,2004-01-12,5,Yes,,IBEC ,16,0,16,Brasil
Project Management,Techniques,Tips,,,Manage your Big Data Organization Programme,2016-01-03,5,Yes,Alan Simon,Linkedin,1,2,3,United States
Project Management,Techniques,Tips,,,Financial for non Finantial Managers,2015-01-08,5,Yes,Jim Stice,Linkedin,2,0,2,United States
Project Management,Techniques,Tips,,,Managing Health Care Projects,2016-01-11,5,Yes,Bob MacGannon,Linkedin,2,0,2,United States
Project Management,Techniques,Team Building,,,Managing Conflict,2016-09-05,5,Yes,Fred Kofman,Linkedin,1,0,1,United States
Project Management,Techniques,Team Building,,,Delivering Employee Fedback,2016-01-05,5,Yes,Jungwoo Ryoo,Linkedin,1,0,1,United States
Project Management,Techniques,Team Building,,,Managing Multiple Generations,2016-01-05,5,Yes,Christina Schlachter,Linkedin,1,0,1,United States
Project Management,Techniques,Team Building,,,Managing Virtual Teams,2015-01-08,5,Yes,Bob Mcgannon,Linkedin,2,0,2,United States
Project Management,Techniques,Team Building,,,Team Development,2004-01-02,5,Yes,,SEBRAE,15,0,15,Brasil
Project Management,Techniques,Team Building,,,Resource of Human Element  Team Building Technique,1999-01-07,5,No,,Quidan,120,0,120,Mexico
Project Management,Techniques,Team Building,,,Team Building  Human Element,1997-01-06,5,Yes,Will Schultz,Marcondes & Consultores Associados,36,0,36,Brasil
Project Management,Techniques,Team Building,,,Management and Leadership,1995-01-01,5,Yes,,UNESA  Universidade Estacio de Sa,24,0,24,Brasil
Project Management,Techniques,Tips,,,Insights from a Project Manager,2015-01-07,5,Yes,Bob Mcgannon,Linkedin,2,0,2,United States
Project Management,Techniques,Tips,,,Solving Common Project Problems,2015-01-07,5,Yes,Bob Mcgannon,Linkedin,1,0,1,United States
Project Management,Methodology,Scrum,,,Agile at Work  Planning With Agile User Stories,2015-01-06,5,Yes,Doug Rose,Linkedin,1,0,1,United States
Project Management,Techniques,Tips,,,Practical Project Management for Creative Projects,2015-01-05,5,Yes,Jeff Blomfield,Linkedin,3,0,3,United States
